"Source:","C:\Users\Administrator\Desktop\近期\当前项目\Buddy-board-MINI-PCB-master\rev.1.0.0\BUDDY_v1.0.0.kicad_sch"
"Date:","2022/4/25 12:54:19"
"Tool:","Eeschema (6.0.2)"
"Generator:","D:\Kicad\6.0.2\6.0\bin\scripting\plugins/bom_csv_grouped_by_value.py"
"Component Count:","361"

"Individual Components:"

"Item","Qty","Reference(s)","Value","LibPart","Footprint","Datasheet","Field4","Field5","Field6","Field7","Field8","Pole4","Pole5","Pole6","Pole7","Pole8","SuppliersPartNumber","req","uuid"
"","","C1","100n","Device:C_Small","A3IDES_footprints:C_0402_1005Metric","~","","","","","","","","","","","","16V/X7R/10%",""
"","","C2","100n","Device:C_Small","A3IDES_footprints:C_0402_1005Metric","~","","","","","","","","","","","","16V/X7R/10%",""
"","","C3","100n","Device:C_Small","A3IDES_footprints:C_0402_1005Metric","~","","","","","","","","","","","","16V/X7R/10%",""
"","","C4","100n","Device:C_Small","A3IDES_footprints:C_0402_1005Metric","~","","","","","","","","","","","","16V/X7R/10%",""
"","","C5","10u*","Device:C_Small","A3IDES_footprints:C_0805_2012Metric","~","","","","","","","","","","","","16V/X5R/10%",""
"","","C6","10uf","Device:C","Capacitor_SMD:C_0805_2012Metric","~","","","","","","","","","","","","50V/X7R/10%",""
"","","C8","100n","Device:C_Small","A3IDES_footprints:C_0603_1608Metric","~","","","","","","","","","","","","50V/X7R/10%",""
"","","C9","100n","Device:C_Small","A3IDES_footprints:C_0402_1005Metric","~","","","","","","","","","","","","16V/X7R/10%",""
"","","C10","100n","Device:C_Small","A3IDES_footprints:C_0402_1005Metric","~","","","","","","","","","","","","16V/X7R/10%",""
"","","C11","100n","Device:C_Small","A3IDES_footprints:C_0402_1005Metric","~","","","","","","","","","","","","16V/X7R/10%",""
"","","C12","100n","Device:C_Small","A3IDES_footprints:C_0402_1005Metric","~","","","","","","","","","","","","16V/X7R/10%",""
"","","C13","100n","Device:C_Small","A3IDES_footprints:C_0402_1005Metric","~","","","","","","","","","","","","16V/X7R/10%",""
"","","C14","100n","Device:C_Small","A3IDES_footprints:C_0603_1608Metric","~","","","","","","","","","","","","50V/X7R/10%",""
"","","C15","4.7uF","Device:C_Small","A3IDES_footprints:C_0603_1608Metric","~","","","","","","","","","","","","6.3V/X7R/10%",""
"","","C16","100n","Device:C_Small","A3IDES_footprints:C_0402_1005Metric","~","","","","","","","","","","","","16V/X7R/10%",""
"","","C17","30p","Device:C_Small","A3IDES_footprints:C_0402_1005Metric","~","","","","","","","","","","","","16V/X7R/10%",""
"","","C21","4u7","Device:C_Small","A3IDES_footprints:C_0805_2012Metric","~","","","","","","","","","","","","16V/X5R/10%",""
"","","C22","100n","Device:C_Small","A3IDES_footprints:C_0603_1608Metric","~","","","","","","","","","","","","50V/X7R/10%",""
"","","C23","100n","Device:C_Small","A3IDES_footprints:C_0603_1608Metric","~","","","","","","","","","","","","50V/X7R/10%",""
"","","C24","4.7uF","Device:C_Small","A3IDES_footprints:C_0603_1608Metric","~","","","","","","","","","","","","6.3V/X7R/10%",""
"","","C25","100n","Device:C_Small","A3IDES_footprints:C_0603_1608Metric","~","","","","","","","","","","","","50V/X7R/10%",""
"","","C26","100n","Device:C_Small","A3IDES_footprints:C_0603_1608Metric","~","","","","","","","","","","","","50V/X7R/10%",""
"","","C27","100n","Device:C_Small","A3IDES_footprints:C_0402_1005Metric","~","","","","","","","","","","","","16V/X7R/10%",""
"","","C28","100n","Device:C_Small","A3IDES_footprints:C_0603_1608Metric","~","","","","","","","","","","","","50V/X7R/10%",""
"","","C30","100n","Device:C_Small","A3IDES_footprints:C_0402_1005Metric","~","","","","","","","","","","","","16V/X7R/10%",""
"","","C32","100n","Device:C_Small","A3IDES_footprints:C_0402_1005Metric","~","","","","","","","","","","","","16V/X7R/10%",""
"","","C33","10u","Device:C_Small","A3IDES_footprints:C_0805_2012Metric","~","","","","","","","","","","","","16V/X5R/10%",""
"","","C34","4.7uF","Device:C_Small","A3IDES_footprints:C_0603_1608Metric","~","","","","","","","","","","","","6.3V/X7R/10%",""
"","","C35","10u","Device:C_Small","A3IDES_footprints:C_0805_2012Metric","~","","","","","","","","","","","","16V/X5R/10%",""
"","","C36","4.7uF","Device:C_Small","A3IDES_footprints:C_0603_1608Metric","~","","","","","","","","","","","","6.3V/X7R/10%",""
"","","C37","10u","Device:C_Small","A3IDES_footprints:C_0805_2012Metric","~","","","","","","","","","","","","16V/X5R/10%",""
"","","C38","100n","Device:C_Small","A3IDES_footprints:C_0402_1005Metric","~","","","","","","","","","","","","16V/X7R/10%",""
"","","C39","100n","Device:C_Small","A3IDES_footprints:C_0603_1608Metric","~","","","","","","","","","","","","50V/X7R/10%",""
"","","C40","100n","Device:C_Small","A3IDES_footprints:C_0402_1005Metric","~","","","","","","","","","","","","16V/X7R/10%",""
"","","C41","100n","Device:C_Small","A3IDES_footprints:C_0402_1005Metric","~","","","","","","","","","","","","16V/X7R/10%",""
"","","C42","100n","Device:C_Small","A3IDES_footprints:C_0603_1608Metric","~","","","","","","","","","","","","50V/X7R/10%",""
"","","C43","22n","Device:C_Small","A3IDES_footprints:C_0402_1005Metric","~","","","","","","","","","","","","50V/X7R/10%",""
"","","C44","100n","Device:C_Small","A3IDES_footprints:C_0603_1608Metric","~","","","","","","","","","","","","50V/X7R/10%",""
"","","C45","22n","Device:C_Small","A3IDES_footprints:C_0402_1005Metric","~","","","","","","","","","","","","50V/X7R/10%",""
"","","C46","100n","Device:C_Small","A3IDES_footprints:C_0603_1608Metric","~","","","","","","","","","","","","50V/X7R/10%",""
"","","C47","100n","Device:C_Small","A3IDES_footprints:C_0603_1608Metric","~","","","","","","","","","","","","50V/X7R/10%",""
"","","C48","10u","Device:C_Small","A3IDES_footprints:C_0805_2012Metric","~","","","","","","","","","","","","16V/X5R/10%",""
"","","C49","10p*","Device:C_Small","A3IDES_footprints:C_0402_1005Metric","~","","","","","","","","","","","","16V/X7R/10%",""
"","","C50","100n","Device:C_Small","A3IDES_footprints:C_0603_1608Metric","~","","","","","","","","","","","","50V/X7R/10%",""
"","","C51","100n","Device:C_Small","A3IDES_footprints:C_0402_1005Metric","~","","","","","","","","","","","","16V/X7R/10%",""
"","","C52","100n","Device:C_Small","A3IDES_footprints:C_0402_1005Metric","~","","","","","","","","","","","","16V/X7R/10%",""
"","","C53","100n","Device:C_Small","A3IDES_footprints:C_0603_1608Metric","~","","","","","","","","","","","","50V/X7R/10%",""
"","","C54","100n","Device:C_Small","A3IDES_footprints:C_0603_1608Metric","~","","","","","","","","","","","","50V/X7R/10%",""
"","","C55","100n","Device:C_Small","A3IDES_footprints:C_0603_1608Metric","~","","","","","","","","","","","","50V/X7R/10%",""
"","","C56","30p","Device:C_Small","A3IDES_footprints:C_0402_1005Metric","~","","","","","","","","","","","","16V/X7R/10%",""
"","","C57","470p","Device:C_Small","A3IDES_footprints:C_0402_1005Metric","~","","","","","","","","","","","","16V/X7R/10%",""
"","","C58","100n","Device:C_Small","A3IDES_footprints:C_0603_1608Metric","~","","","","","","","","","","","","50V/X7R/10%",""
"","","C59","100n","Device:C_Small","A3IDES_footprints:C_0603_1608Metric","~","","","","","","","","","","","","50V/X7R/10%",""
"","","C60","100u","BUDDY_v1.0.0-rescue:CP_Small-Device","A3IDES_footprints:c_elec_6.3x7.7","","","","","","","","","","","","","35V/20%",""
"","","C61","100u","BUDDY_v1.0.0-rescue:CP_Small-Device","A3IDES_footprints:c_elec_6.3x7.7","","","","","","","","","","","","","35V/20%",""
"","","C62","100n","Device:C_Small","A3IDES_footprints:C_0402_1005Metric","~","","","","","","","","","","","","16V/X7R/10%",""
"","","C63","100n","Device:C_Small","A3IDES_footprints:C_0402_1005Metric","~","","","","","","","","","","","","16V/X7R/10%",""
"","","C64","1n","Device:C_Small","A3IDES_footprints:C_0603_1608Metric","~","","","","","","","","","","","","50V/X7R/10%",""
"","","C65","1n","Device:C_Small","A3IDES_footprints:C_0603_1608Metric","~","","","","","","","","","","","","50V/X7R/10%",""
"","","C66","1n","Device:C_Small","A3IDES_footprints:C_0603_1608Metric","~","","","","","","","","","","","","50V/X7R/10%",""
"","","C67","1n","Device:C_Small","A3IDES_footprints:C_0603_1608Metric","~","","","","","","","","","","","","50V/X7R/10%",""
"","","C68","1n","Device:C_Small","A3IDES_footprints:C_0603_1608Metric","~","","","","","","","","","","","","50V/X7R/10%",""
"","","C69","1n","Device:C_Small","A3IDES_footprints:C_0603_1608Metric","~","","","","","","","","","","","","50V/X7R/10%",""
"","","C70","1n","Device:C_Small","A3IDES_footprints:C_0603_1608Metric","~","","","","","","","","","","","","50V/X7R/10%",""
"","","C71","1n","Device:C_Small","A3IDES_footprints:C_0603_1608Metric","~","","","","","","","","","","","","50V/X7R/10%",""
"","","C72","100n","Device:C_Small","A3IDES_footprints:C_0603_1608Metric","~","","","","","","","","","","","","50V/X7R/10%",""
"","","C73","22n","Device:C_Small","A3IDES_footprints:C_0402_1005Metric","~","","","","","","","","","","","","50V/X7R/10%",""
"","","C74","100n","Device:C_Small","A3IDES_footprints:C_0603_1608Metric","~","","","","","","","","","","","","50V/X7R/10%",""
"","","C75","22n","Device:C_Small","A3IDES_footprints:C_0402_1005Metric","~","","","","","","","","","","","","50V/X7R/10%",""
"","","C76","100n","Device:C_Small","A3IDES_footprints:C_0603_1608Metric","~","","","","","","","","","","","","50V/X7R/10%",""
"","","C77","100n","Device:C_Small","A3IDES_footprints:C_0603_1608Metric","~","","","","","","","","","","","","50V/X7R/10%",""
"","","C78","1u","Device:C_Small","A3IDES_footprints:C_0603_1608Metric","~","","","","","","","","","","","","50V/X7R/10%",""
"","","C79","100n","Device:C_Small","A3IDES_footprints:C_0402_1005Metric","~","","","","","","","","","","","","16V/X7R/10%",""
"","","C80","100n","Device:C_Small","A3IDES_footprints:C_0603_1608Metric","~","","","","","","","","","","","","50V/X7R/10%",""
"","","C81","10n","Device:C_Small","A3IDES_footprints:C_0402_1005Metric","~","","","","","","","","","","","","16V/X7R/10%",""
"","","C82","10n","Device:C_Small","A3IDES_footprints:C_0402_1005Metric","~","","","","","","","","","","","","16V/X7R/10%",""
"","","C83","100n","Device:C_Small","A3IDES_footprints:C_0603_1608Metric","~","","","","","","","","","","","","50V/X7R/10%",""
"","","C84","100n","Device:C_Small","A3IDES_footprints:C_0603_1608Metric","~","","","","","","","","","","","","50V/X7R/10%",""
"","","C85","100n","Device:C_Small","A3IDES_footprints:C_0603_1608Metric","~","","","","","","","","","","","","50V/X7R/10%",""
"","","C86","100u","Device:C_Small","A3IDES_footprints:C_1206_3216Metric","~","","","","","","","","","","","","16V/X5R/10%",""
"","","C87","100n","Device:C_Small","A3IDES_footprints:C_0402_1005Metric","~","","","","","","","","","","","","16V/X7R/10%",""
"","","C88","100n","Device:C_Small","A3IDES_footprints:C_0603_1608Metric","~","","","","","","","","","","","","50V/X7R/10%",""
"","","C89","100n","Device:C_Small","A3IDES_footprints:C_0603_1608Metric","~","","","","","","","","","","","","50V/X7R/10%",""
"","","C90","100u","BUDDY_v1.0.0-rescue:CP_Small-Device","A3IDES_footprints:c_elec_6.3x7.7","","","","","","","","","","","","","35V/20%",""
"","","C91","100u","BUDDY_v1.0.0-rescue:CP_Small-Device","A3IDES_footprints:c_elec_6.3x7.7","","","","","","","","","","","","","35V/20%",""
"","","C92","10u","Device:C_Small","A3IDES_footprints:C_1206_3216Metric","~","","","","","","","","","","","","50V/X5R/10%",""
"","","C93","10u","Device:C_Small","A3IDES_footprints:C_1206_3216Metric","~","","","","","","","","","","","","50V/X5R/10%",""
"","","C94","1n","Device:C_Small","A3IDES_footprints:C_0603_1608Metric","~","","","","","","","","","","","","50V/X7R/10%",""
"","","C95","1n","Device:C_Small","A3IDES_footprints:C_0603_1608Metric","~","","","","","","","","","","","","50V/X7R/10%",""
"","","C96","1n","Device:C_Small","A3IDES_footprints:C_0603_1608Metric","~","","","","","","","","","","","","50V/X7R/10%",""
"","","C97","1n","Device:C_Small","A3IDES_footprints:C_0603_1608Metric","~","","","","","","","","","","","","50V/X7R/10%",""
"","","C98","1n","Device:C_Small","A3IDES_footprints:C_0603_1608Metric","~","","","","","","","","","","","","50V/X7R/10%",""
"","","C99","1n","Device:C_Small","A3IDES_footprints:C_0603_1608Metric","~","","","","","","","","","","","","50V/X7R/10%",""
"","","C100","1n","Device:C_Small","A3IDES_footprints:C_0603_1608Metric","~","","","","","","","","","","","","50V/X7R/10%",""
"","","C101","1n","Device:C_Small","A3IDES_footprints:C_0603_1608Metric","~","","","","","","","","","","","","50V/X7R/10%",""
"","","C102","100n","Device:C_Small","A3IDES_footprints:C_0402_1005Metric","~","","","","","","","","","","","","16V/X7R/10%",""
"","","C103","100n","Device:C_Small","A3IDES_footprints:C_0402_1005Metric","~","","","","","","","","","","","","16V/X7R/10%",""
"","","C104","10p","Device:C_Small","A3IDES_footprints:C_0402_1005Metric","~","","","","","","","","","","","","50V/C0G/10%",""
"","","C105","10p","Device:C_Small","A3IDES_footprints:C_0402_1005Metric","~","","","","","","","","","","","","50V/C0G/10%",""
"","","C106","2,2u","Device:C_Small","A3IDES_footprints:C_0603_1608Metric","~","","","","","","","","","","","","6,3V/X5R/10%",""
"","","C107","2,2u","Device:C_Small","A3IDES_footprints:C_0603_1608Metric","~","","","","","","","","","","","","6,3V/X5R/10%",""
"","","C108","100n","Device:C_Small","A3IDES_footprints:C_0402_1005Metric","~","","","","","","","","","","","","16V/X7R/10%",""
"","","C109","100n","Device:C_Small","A3IDES_footprints:C_0402_1005Metric","~","","","","","","","","","","","","16V/X7R/10%",""
"","","C110","100n","Device:C_Small","A3IDES_footprints:C_0402_1005Metric","~","","","","","","","","","","","","16V/X7R/10%",""
"","","C111","100n","Device:C_Small","A3IDES_footprints:C_0402_1005Metric","~","","","","","","","","","","","","16V/X7R/10%",""
"","","C112","100n","Device:C_Small","A3IDES_footprints:C_0402_1005Metric","~","","","","","","","","","","","","16V/X7R/10%",""
"","","C113","100n","Device:C_Small","A3IDES_footprints:C_0402_1005Metric","~","","","","","","","","","","","","16V/X7R/10%",""
"","","C114","100n","Device:C_Small","A3IDES_footprints:C_0402_1005Metric","~","","","","","","","","","","","","16V/X7R/10%",""
"","","C115","100n","Device:C_Small","A3IDES_footprints:C_0402_1005Metric","~","","","","","","","","","","","","16V/X7R/10%",""
"","","C116","10u","Device:C_Small","A3IDES_footprints:C_0603_1608Metric","~","","","","","","","","","","","","6,3V/X5R/10%",""
"","","C117","1u","Device:C_Small","A3IDES_footprints:C_0603_1608Metric","~","","","","","","","","","","","","50V/X7R/10%",""
"","","C118","10u","Device:C_Small","A3IDES_footprints:C_0603_1608Metric","~","","","","","","","","","","","","6,3V/X5R/10%",""
"","","C119","100n","Device:C_Small","A3IDES_footprints:C_0402_1005Metric","~","","","","","","","","","","","","16V/X7R/10%",""
"","","C120","100n","Device:C_Small","A3IDES_footprints:C_0402_1005Metric","~","","","","","","","","","","","","16V/X7R/10%",""
"","","C121","10u","Device:C_Small","A3IDES_footprints:C_1206_3216Metric","~","","","","","","","","","","","","50V/X5R/10%",""
"","","C122","10u","Device:C_Small","A3IDES_footprints:C_1206_3216Metric","~","","","","","","","","","","","","50V/X5R/10%",""
"","","C123","10p","Device:C_Small","A3IDES_footprints:C_0402_1005Metric","~","","","","","","","","","","","","16V/X7R/10%",""
"","","C124","330u","BUDDY_v1.0.0-rescue:CP_Small-Device","Capacitor_SMD:CP_Elec_8x10.5","","","","","","","","","","","","","35V/20%",""
"","","C125","100n","Device:C_Small","A3IDES_footprints:C_0402_1005Metric","~","","","","","","","","","","","","16V/X7R/10%",""
"","","C126","10p","Device:C_Small","A3IDES_footprints:C_0402_1005Metric","~","","","","","","","","","","","","16V/X7R/10%",""
"","","C127","10p","Device:C_Small","A3IDES_footprints:C_0402_1005Metric","~","","","","","","","","","","","","16V/X7R/10%",""
"","","C128","10p","Device:C_Small","A3IDES_footprints:C_0402_1005Metric","~","","","","","","","","","","","","16V/X7R/10%",""
"","","C129","10n*","Device:C_Small","A3IDES_footprints:C_0402_1005Metric","~","","","","","","","","","","","","16V/X7R/10%",""
"","","C130","150pF","Device:C","Capacitor_SMD:C_0402_1005Metric","~","","","","","","","","","","","","",""
"","","C131","100nf","Device:C","Capacitor_SMD:C_0603_1608Metric","~","","","","","","","","","","","","",""
"","","C132","22uf","Device:C","Capacitor_SMD:C_0805_2012Metric","~","","","","","","","","","","","","",""
"","","C133","22uf","Device:C","Capacitor_SMD:C_0805_2012Metric","~","","","","","","","","","","","","",""
"","","D1","BAV99W","Diode:BAS40-04","Package_TO_SOT_SMD:SOT-323_SC-70","http://www.vishay.com/docs/85701/bas40v.pdf","","","","","","","","","","","","100V/150mA/4ns",""
"","","D2","BAV99W","Diode:BAS40-04","Package_TO_SOT_SMD:SOT-323_SC-70","http://www.vishay.com/docs/85701/bas40v.pdf","","","","","","","","","","","","100V/150mA/4ns",""
"","","D3","GRN","BUDDY_v1.0.0-rescue:LED_ALT-Device","A3IDES_footprints:LED_0603","","","","","","","","","","","","","2,8V/5mA",""
"","","D4","GRN","BUDDY_v1.0.0-rescue:LED_ALT-Device","A3IDES_footprints:LED_0603","","","","","","","","","","","","","2,8V/5mA",""
"","","D5","BAT54KFILM","BUDDY_v1.0.0-rescue:D_ALT-Device","Diode_SMD:D_SOD-523","","","","","","","","","","","","","40V/0,3A",""
"","","D6","BAT54KFILM","BUDDY_v1.0.0-rescue:D_ALT-Device","Diode_SMD:D_SOD-523","","","","","","","","","","","","","40V/0,3A",""
"","","D7","BAV99W","Diode:BAS40-04","Package_TO_SOT_SMD:SOT-323_SC-70","http://www.vishay.com/docs/85701/bas40v.pdf","","","","","","","","","","","","100V/150mA/4ns",""
"","","D8","BAV99W","Diode:BAS40-04","Package_TO_SOT_SMD:SOT-323_SC-70","http://www.vishay.com/docs/85701/bas40v.pdf","","","","","","","","","","","","100V/150mA/4ns",""
"","","D9","GRN","BUDDY_v1.0.0-rescue:LED_ALT-Device","A3IDES_footprints:LED_0603","","","","","","","","","","","","","2,8V/5mA",""
"","","D10","USBLC6-2P6","BUDDY_v1.0.0-rescue:PRTR5V0U2X-Power_Protection","A3IDES_footprints:SOT143B","","","","","","","","","","","","","",""
"","","D11","ESDA6V1L","BUDDY_v1.0.0-rescue:SP0502BAHT-Power_Protection","A3IDES_footprints:SOT-23","","","","","","","","","","","","","",""
"","","D12","SK310A-TP","BUDDY_v1.0.0-rescue:D_Schottky_ALT-Device","A3IDES_footprints:DO-214AC","","","","","","","","","","","","","100V/3A",""
"","","D13","GRN","BUDDY_v1.0.0-rescue:LED_ALT-Device","A3IDES_footprints:LED_0603","","","","","","","","","","","","","2,8V/5mA",""
"","","D14","SK310A-TP","BUDDY_v1.0.0-rescue:D_Schottky_ALT-Device","A3IDES_footprints:DO-214AC","","","","","","","","","","","","","100V/3A",""
"","","D15","GRN","BUDDY_v1.0.0-rescue:LED_ALT-Device","A3IDES_footprints:LED_0603","","","","","","","","","","","","","2,8V/5mA",""
"","","D16","D","Device:D","Diode_SMD:D_SMA","~","","","","","","","","","","","","",""
"","","D17","GRN","BUDDY_v1.0.0-rescue:LED_ALT-Device","A3IDES_footprints:LED_0603","","","","","","","","","","","","","2,8V/5mA",""
"","","D18","SMAJ28A","Diode:1.5KExxA","A3IDES_footprints:D_SMA","https://www.vishay.com/docs/88301/15ke.pdf","","","","","","","","","","","","",""
"","","D20","BAV99W","Diode:BAS40-04","Package_TO_SOT_SMD:SOT-323_SC-70","http://www.vishay.com/docs/85701/bas40v.pdf","","","","","","","","","","","","100V/150mA/4ns",""
"","","D21","BAV99W","Diode:BAS40-04","Package_TO_SOT_SMD:SOT-323_SC-70","http://www.vishay.com/docs/85701/bas40v.pdf","","","","","","","","","","","","100V/150mA/4ns",""
"","","D22","USBLC6-2P6","BUDDY_v1.0.0-rescue:PRTR5V0U2X-Power_Protection","A3IDES_footprints:SOT143B","","","","","","","","","","","","","",""
"","","D24","BAT54KFILM","BUDDY_v1.0.0-rescue:D_ALT-Device","Diode_SMD:D_SOD-523","","","","","","","","","","","","","40V/0,3A",""
"","","D25","BAV99W","Diode:BAS40-04","Package_TO_SOT_SMD:SOT-323_SC-70","http://www.vishay.com/docs/85701/bas40v.pdf","","","","","","","","","","","","100V/150mA/4ns",""
"","","D26","BAV99W","Diode:BAS40-04","Package_TO_SOT_SMD:SOT-323_SC-70","http://www.vishay.com/docs/85701/bas40v.pdf","","","","","","","","","","","","100V/150mA/4ns",""
"","","D27","BAV99W","Diode:BAS40-04","Package_TO_SOT_SMD:SOT-323_SC-70","http://www.vishay.com/docs/85701/bas40v.pdf","","","","","","","","","","","","100V/150mA/4ns",""
"","","D28","BAV99W","Diode:BAS40-04","Package_TO_SOT_SMD:SOT-323_SC-70","http://www.vishay.com/docs/85701/bas40v.pdf","","","","","","","","","","","","100V/150mA/4ns",""
"","","D29","BAV99W","Diode:BAS40-04","Package_TO_SOT_SMD:SOT-323_SC-70","http://www.vishay.com/docs/85701/bas40v.pdf","","","","","","","","","","","","100V/150mA/4ns",""
"","","D30","BAV99W","Diode:BAS40-04","Package_TO_SOT_SMD:SOT-323_SC-70","http://www.vishay.com/docs/85701/bas40v.pdf","","","","","","","","","","","","100V/150mA/4ns",""
"","","D31","BAV99W","Diode:BAS40-04","Package_TO_SOT_SMD:SOT-323_SC-70","http://www.vishay.com/docs/85701/bas40v.pdf","","","","","","","","","","","","100V/150mA/4ns",""
"","","D32","BAV99W","Diode:BAS40-04","Package_TO_SOT_SMD:SOT-323_SC-70","http://www.vishay.com/docs/85701/bas40v.pdf","","","","","","","","","","","","100V/150mA/4ns",""
"","","D33","BAV99W","Diode:BAS40-04","Package_TO_SOT_SMD:SOT-323_SC-70","http://www.vishay.com/docs/85701/bas40v.pdf","","","","","","","","","","","","100V/150mA/4ns",""
"","","D34","BAV99W","Diode:BAS40-04","Package_TO_SOT_SMD:SOT-323_SC-70","http://www.vishay.com/docs/85701/bas40v.pdf","","","","","","","","","","","","100V/150mA/4ns",""
"","","D35","BAV99W","Diode:BAS40-04","Package_TO_SOT_SMD:SOT-323_SC-70","http://www.vishay.com/docs/85701/bas40v.pdf","","","","","","","","","","","","100V/150mA/4ns",""
"","","D36","BAV99W","Diode:BAS40-04","Package_TO_SOT_SMD:SOT-323_SC-70","http://www.vishay.com/docs/85701/bas40v.pdf","","","","","","","","","","","","100V/150mA/4ns",""
"","","F1","KEYSTONE 3568","Device:Fuse","A3IDES_footprints:Fuse-Keystone-3557-2","~","","","","","","","","","","","","7,5A",""
"","","F1-fuse1","fuse 7,5A","BUDDY_v1.0.0-rescue:MEC-A3IDES-rescue","A3IDES_footprints:MEC","","","","","","","","","","","","","",""
"","","F3","KEYSTONE 3568","Device:Fuse","A3IDES_footprints:Fuse-Keystone-3557-2","~","","","","","","","","","","","","3A",""
"","","F3-fuse3","fuse 3A","BUDDY_v1.0.0-rescue:MEC-A3IDES-rescue","A3IDES_footprints:MEC","","","","","","","","","","","","","",""
"","","J1","Conn_01x03","Connector_Generic:Conn_01x03","Connector_PinHeader_2.54mm:PinHeader_1x03_P2.54mm_Vertical","~","","","","","","","","","","","","",""
"","","J1-jumper1","2,54 jumper","BUDDY_v1.0.0-rescue:MEC-A3IDES-rescue","A3IDES_footprints:MEC","","","","","","","","","","","","","",""
"","","J2","105017-0001","BUDDY_v1.0.0-rescue:USB-micro-Connector","A3IDES_footprints:USB-micro","","","","","","","","","","","","","",""
"","","J3","HR911105A","BUDDY_v1.0.0-rescue:HR911105-Connector","A3IDES_footprints:HR911105A","","","","","","","","","","","","","",""
"","","J4","faston","Connector_Generic:Conn_01x01","A3IDES_footprints:faston-hole-m","~","","","","","","","","","","","","4,8mm_0,8mm_12,5mm",""
"","","J5","faston","Connector_Generic:Conn_01x01","A3IDES_footprints:faston-hole-m","~","","","","","","","","","","","","4,8mm_0,8mm_12,5mm",""
"","","J7","70543-0003","Connector_Generic:Conn_01x04","A3IDES_footprints:Pin_1x04-XL","~","","","","","","","","","","","","1x4/2,54mm/shrouded/male",""
"","","J8","302-S141","Connector_Generic:Conn_02x07_Odd_Even","Connector_IDC:IDC-Header_2x07_P2.54mm_Vertical","~","","","","","","","","","","","","2x7/2,54mm/shrouded/male",""
"","","J9","70543-0002","Connector_Generic:Conn_01x03","A3IDES_footprints:Pin_1x03-XL","~","","","","","","","","","","","","1x3/2,54mm/shrouded/male",""
"","","J10","Conn_02x04_Odd_Even","Connector_Generic:Conn_02x04_Odd_Even","Connector_PinHeader_2.54mm:PinHeader_2x04_P2.54mm_Vertical","~","","","","","","","","","","","","2x4/2,54mm/female",""
"","","J11","UFL coaxial","Connector_Generic:Conn_01x02",".pretty:UFL-MOLEX-73412-0114","~","","","","","","","","","","","","",""
"","","J12","Conn_01x01","BUDDY_v1.0.0-rescue:TestPoint_0-Connector","A3IDES_footprints:Fiducial_1mm_Dia_2.54mm_Outer_CopperTop","","","","","","","","","","","","","",""
"","","J13","Conn_01x01","BUDDY_v1.0.0-rescue:TestPoint_0-Connector","A3IDES_footprints:Fiducial_1mm_Dia_2.54mm_Outer_CopperTop","","","","","","","","","","","","","",""
"","","J14","Conn_01x01","BUDDY_v1.0.0-rescue:TestPoint_0-Connector","A3IDES_footprints:Fiducial_1mm_Dia_2.54mm_Outer_CopperTop","","","","","","","","","","","","","",""
"","","J15","Conn_01x01","BUDDY_v1.0.0-rescue:TestPoint_0-Connector","A3IDES_footprints:Fiducial_1mm_Dia_2.54mm_Outer_CopperTop","","","","","","","","","","","","","",""
"","","J16","Conn_01x01","Connector_Generic:Conn_01x01","A3IDES_footprints:MountingHole_3.2mm_M3_ISO14580_Pad","~","","","","","","","","","","","","",""
"","","J17","Conn_01x01","Connector_Generic:Conn_01x01","A3IDES_footprints:MountingHole_3.2mm_M3_ISO14580_Pad","~","","","","","","","","","","","","",""
"","","J18","Conn_01x01","Connector_Generic:Conn_01x01","A3IDES_footprints:MountingHole_3.2mm_M3_ISO14580_Pad","~","","","","","","","","","","","","",""
"","","J19","Conn_01x01","Connector_Generic:Conn_01x01","A3IDES_footprints:MountingHole_3.2mm_M3_ISO14580_Pad","~","","","","","","","","","","","","",""
"","","J20","67329-8000","BUDDY_v1.0.0-rescue:USB_A-Connector","A3IDES_footprints:USB-A-vertical-MX-67329-8000","","","","","","","","","","","","","",""
"","","J21","Conn_01x05","Connector_Generic:Conn_01x05","Connector_PinHeader_2.54mm:PinHeader_1x05_P2.54mm_Vertical","~","","","","","","","","","","","","",""
"","","J23","Conn_01x10","Connector_Generic:Conn_01x10","A3IDES_footprints:MOLEX_559321010","~","","","","","","","","","","","","1x10/2mm/shrouded/male",""
"","","JP1","Jumper","BUDDY_v1.0.0-rescue:Jumper-Device","Jumper:SolderJumper-2_P1.3mm_Open_TrianglePad1.0x1.5mm","","","","","","","","","","","","","",""
"","","L1","BLM18KG121TN1D","BUDDY_v1.0.0-rescue:L_Core_Ferrite-Device","A3IDES_footprints:R_0603_1608Metric","","","","","","","","","","","","","120Ω@100MHz/3A",""
"","","L2","BLM18KG121TN1D","BUDDY_v1.0.0-rescue:L_Core_Ferrite-Device","A3IDES_footprints:R_0603_1608Metric","","","","","","","","","","","","","120Ω@100MHz/3A",""
"","","L3","BLM18KG121TN1D","BUDDY_v1.0.0-rescue:L_Core_Ferrite-Device","A3IDES_footprints:R_0603_1608Metric","","","","","","","","","","","","","120Ω@100MHz/3A",""
"","","L4","BLM18KG121TN1D","BUDDY_v1.0.0-rescue:L_Core_Ferrite-Device","A3IDES_footprints:R_0603_1608Metric","","","","","","","","","","","","","120Ω@100MHz/3A",""
"","","L5","BLM18KG121TN1D","BUDDY_v1.0.0-rescue:L_Core_Ferrite-Device","A3IDES_footprints:R_0603_1608Metric","","","","","","","","","","","","","120Ω@100MHz/3A",""
"","","L6","BLM18KG121TN1D","BUDDY_v1.0.0-rescue:L_Core_Ferrite-Device","A3IDES_footprints:R_0603_1608Metric","","","","","","","","","","","","","120Ω@100MHz/3A",""
"","","L7","BLM18KG121TN1D","BUDDY_v1.0.0-rescue:L_Core_Ferrite-Device","A3IDES_footprints:R_0603_1608Metric","","","","","","","","","","","","","120Ω@100MHz/3A",""
"","","L8","BLM18KG121TN1D","BUDDY_v1.0.0-rescue:L_Core_Ferrite-Device","A3IDES_footprints:R_0603_1608Metric","","","","","","","","","","","","","120Ω@100MHz/3A",""
"","","L9","BLM18KG121TN1D","BUDDY_v1.0.0-rescue:L_Core_Ferrite-Device","A3IDES_footprints:R_0603_1608Metric","","","","","","","","","","","","","120Ω@100MHz/3A",""
"","","L10","BLM18KG121TN1D","BUDDY_v1.0.0-rescue:L_Core_Ferrite-Device","A3IDES_footprints:R_0603_1608Metric","","","","","","","","","","","","","120Ω@100MHz/3A",""
"","","L11","BLM18KG121TN1D","BUDDY_v1.0.0-rescue:L_Core_Ferrite-Device","A3IDES_footprints:R_0603_1608Metric","","","","","","","","","","","","","120Ω@100MHz/3A",""
"","","L12","BLM41PG600SN1L","BUDDY_v1.0.0-rescue:L_Core_Ferrite-Device","A3IDES_footprints:R_1806_4516Metric","","","","","","","","","","","","","60Ω@100MHz/6A",""
"","","L13","VLS6045EX-150M-H","Tounh_sym:VLS6045EX-150M-H","Tounh:IND-SMD_L6.3-W6.0_VLS6045EX","","","","","","","","","","","","","",""
"","","L14","BLM18KG121TN1D","BUDDY_v1.0.0-rescue:L_Core_Ferrite-Device","A3IDES_footprints:R_0603_1608Metric","","","","","","","","","","","","","120Ω@100MHz/3A",""
"","","L15","BLM18KG121TN1D","BUDDY_v1.0.0-rescue:L_Core_Ferrite-Device","A3IDES_footprints:R_0603_1608Metric","","","","","","","","","","","","","120Ω@100MHz/3A",""
"","","L16","BLM18KG121TN1D","BUDDY_v1.0.0-rescue:L_Core_Ferrite-Device","A3IDES_footprints:R_0603_1608Metric","","","","","","","","","","","","","120Ω@100MHz/3A",""
"","","L17","BLM18KG121TN1D","BUDDY_v1.0.0-rescue:L_Core_Ferrite-Device","A3IDES_footprints:R_0603_1608Metric","","","","","","","","","","","","","120Ω@100MHz/3A",""
"","","L23","BLM18KG121TN1D","BUDDY_v1.0.0-rescue:L_Core_Ferrite-Device","A3IDES_footprints:R_0603_1608Metric","","","","","","","","","","","","","120Ω@100MHz/3A",""
"","","L25","BLM18KG121TN1D","BUDDY_v1.0.0-rescue:L_Core_Ferrite-Device","A3IDES_footprints:R_0603_1608Metric","","","","","","","","","","","","","120Ω@100MHz/3A",""
"","","L27","BLM18KG121TN1D","BUDDY_v1.0.0-rescue:L_Core_Ferrite-Device","A3IDES_footprints:R_0603_1608Metric","","","","","","","","","","","","","120Ω@100MHz/3A",""
"","","L31","BLM18KG121TN1D","BUDDY_v1.0.0-rescue:L_Core_Ferrite-Device","A3IDES_footprints:R_0603_1608Metric","","","","","","","","","","","","","120Ω@100MHz/3A",""
"","","L32","BLM18KG121TN1D","BUDDY_v1.0.0-rescue:L_Core_Ferrite-Device","A3IDES_footprints:R_0603_1608Metric","","","","","","","","","","","","","120Ω@100MHz/3A",""
"","","L33","BLM18KG121TN1D","BUDDY_v1.0.0-rescue:L_Core_Ferrite-Device","A3IDES_footprints:R_0603_1608Metric","","","","","","","","","","","","","120Ω@100MHz/3A",""
"","","L34","BLM18KG121TN1D","BUDDY_v1.0.0-rescue:L_Core_Ferrite-Device","A3IDES_footprints:R_0603_1608Metric","","","","","","","","","","","","","120Ω@100MHz/3A",""
"","","L35","BLM18KG121TN1D","BUDDY_v1.0.0-rescue:L_Core_Ferrite-Device","A3IDES_footprints:R_0603_1608Metric","","","","","","","","","","","","","120Ω@100MHz/3A",""
"","","L36","BLM18KG121TN1D","BUDDY_v1.0.0-rescue:L_Core_Ferrite-Device","A3IDES_footprints:R_0603_1608Metric","","","","","","","","","","","","","120Ω@100MHz/3A",""
"","","L37","BLM18KG121TN1D","BUDDY_v1.0.0-rescue:L_Core_Ferrite-Device","A3IDES_footprints:R_0603_1608Metric","","","","","","","","","","","","","120Ω@100MHz/3A",""
"","","L38","BLM18KG121TN1D","BUDDY_v1.0.0-rescue:L_Core_Ferrite-Device","A3IDES_footprints:R_0603_1608Metric","","","","","","","","","","","","","120Ω@100MHz/3A",""
"","","L39","BLM18KG121TN1D","BUDDY_v1.0.0-rescue:L_Core_Ferrite-Device","A3IDES_footprints:R_0603_1608Metric","","","","","","","","","","","","","120Ω@100MHz/3A",""
"","","L40","BLM18KG121TN1D","BUDDY_v1.0.0-rescue:L_Core_Ferrite-Device","A3IDES_footprints:R_0603_1608Metric","","","","","","","","","","","","","120Ω@100MHz/3A",""
"","","L41","BLM18KG121TN1D","BUDDY_v1.0.0-rescue:L_Core_Ferrite-Device","A3IDES_footprints:R_0603_1608Metric","","","","","","","","","","","","","120Ω@100MHz/3A",""
"","","L42","BLM18KG121TN1D","BUDDY_v1.0.0-rescue:L_Core_Ferrite-Device","A3IDES_footprints:R_0603_1608Metric","","","","","","","","","","","","","120Ω@100MHz/3A",""
"","","L43","BLM18KG121TN1D","BUDDY_v1.0.0-rescue:L_Core_Ferrite-Device","A3IDES_footprints:R_0603_1608Metric","","","","","","","","","","","","","120Ω@100MHz/3A",""
"","","L44","BLM18KG121TN1D","BUDDY_v1.0.0-rescue:L_Core_Ferrite-Device","A3IDES_footprints:R_0603_1608Metric","","","","","","","","","","","","","120Ω@100MHz/3A",""
"","","L45","BLM18KG121TN1D","BUDDY_v1.0.0-rescue:L_Core_Ferrite-Device","A3IDES_footprints:R_0603_1608Metric","","","","","","","","","","","","","120Ω@100MHz/3A",""
"","","L46","BLM18KG121TN1D","BUDDY_v1.0.0-rescue:L_Core_Ferrite-Device","A3IDES_footprints:R_0603_1608Metric","","","","","","","","","","","","","120Ω@100MHz/3A",""
"","","L47","BLM18KG121TN1D","BUDDY_v1.0.0-rescue:L_Core_Ferrite-Device","A3IDES_footprints:R_0603_1608Metric","","","","","","","","","","","","","120Ω@100MHz/3A",""
"","","L48","BLM18KG121TN1D","BUDDY_v1.0.0-rescue:L_Core_Ferrite-Device","A3IDES_footprints:R_0603_1608Metric","","","","","","","","","","","","","120Ω@100MHz/3A",""
"","","NT3","Net-Tie_2","BUDDY_v1.0.0-rescue:Net-Tie_2-Device","NetTie:NetTie-2_SMD_Pad0.5mm","","","","","","","","","","","","","",""
"","","NT4","Net-Tie_2","BUDDY_v1.0.0-rescue:Net-Tie_2-Device","NetTie:NetTie-2_SMD_Pad0.5mm","","","","","","","","","","","","","",""
"","","P1","70543-0002","Connector_Generic:Conn_01x03","A3IDES_footprints:Pin_1x03-XL","~","","","","","","","","","","","","1x3/2,54mm/male",""
"","","P2","70543-0002","Connector_Generic:Conn_01x03","A3IDES_footprints:Pin_1x03-XL","~","","","","","","","","","","","","1x3/2,54mm/male",""
"","","P3","70543-0001","Connector_Generic:Conn_01x02","A3IDES_footprints:Pin_1x02-XL","~","","","","","","","","","","","","1x2/2,54mm/male",""
"","","P4","70543-0001","Connector_Generic:Conn_01x02","A3IDES_footprints:Pin_1x02-XL","~","","","","","","","","","","","","1x2/2,54mm/male",""
"","","P5","TBG-5-PW-2P/GN","Connector_Generic:Conn_01x02","A3IDES_footprints:PhoenixContact_MSTBVA-G_02x5.08mm_Vertical","~","","","","","","","","","","","","1x2/5,08mm/shrouded/male",""
"","","P6","TBG-5-PW-2P/GN","Connector_Generic:Conn_01x02","A3IDES_footprints:PhoenixContact_MSTBVA-G_02x5.08mm_Vertical","~","","","","","","","","","","","","1x2/5,08mm/shrouded/male",""
"","","P7","70543-0003","Connector_Generic:Conn_01x04","Buddey:Pin_1x04-XL","~","","","","","","","","","","","","1x4/2,54mm/shrouded/male",""
"","","P8","70543-0003","Connector_Generic:Conn_01x04","A3IDES_footprints:Pin_1x04-XL","~","","","","","","","","","","","","1x4/2,54mm/shrouded/male",""
"","","P9","70543-0003","Connector_Generic:Conn_01x04","A3IDES_footprints:Pin_1x04-XL","~","","","","","","","","","","","","1x4/2,54mm/shrouded/male",""
"","","P10","70543-0003","Connector_Generic:Conn_01x04","A3IDES_footprints:Pin_1x04-XL","~","","","","","","","","","","","","1x4/2,54mm/shrouded/male",""
"","","P99","70543-0003","Connector_Generic:Conn_01x04","Buddey:Pin_1x04-XL","~","","","","","","","","","","","","1x4/2,54mm/shrouded/male",""
"","","Q1","MMBF170","Transistor_FET:MMBF170","A3IDES_footprints:SOT-23","https://www.diodes.com/assets/Datasheets/ds30104.pdf","","","","","","","","","","","","60V/0,5A/0,3W/1,2Ω",""
"","","Q2","MMBF170","Transistor_FET:MMBF170","A3IDES_footprints:SOT-23","https://www.diodes.com/assets/Datasheets/ds30104.pdf","","","","","","","","","","","","60V/0,5A/0,3W/1,2Ω",""
"","","Q3","PSMN2R6-40YS","Transistor_FET:MMBF170","A3IDES_footprints:SOT-669_LFPAK_alternate-numbers_VIA","https://www.diodes.com/assets/Datasheets/ds30104.pdf","","","","","","","","","","","","40V/100A/272W/1,8mΩ",""
"","","Q4","PSMN2R6-40YS","Transistor_FET:MMBF170","A3IDES_footprints:SOT-669_LFPAK_alternate-numbers_VIA","https://www.diodes.com/assets/Datasheets/ds30104.pdf","","","","","","","","","","","","40V/100A/272W/1,8mΩ",""
"","","R1","100R","Device:R","A3IDES_footprints:R_0402_1005Metric","~","","","","","","","","","","","","63mW/1%",""
"","","R2","100R","Device:R","A3IDES_footprints:R_0402_1005Metric","~","","","","","","","","","","","","63mW/1%",""
"","","R3","100k","Device:R","A3IDES_footprints:R_0402_1005Metric","~","","","","","","","","","","","","63mW/1%",""
"","","R4","100k","Device:R","A3IDES_footprints:R_0402_1005Metric","~","","","","","","","","","","","","63mW/1%",""
"","","R5","2k2","Device:R","A3IDES_footprints:R_0603_1608Metric","~","","","","","","","","","","","","0,1W/1%",""
"","","R6","2k2","Device:R","A3IDES_footprints:R_0603_1608Metric","~","","","","","","","","","","","","0,1W/1%",""
"","","R7","1k8","Device:R","A3IDES_footprints:R_0402_1005Metric","~","","","","","","","","","","","","63mW/1%",""
"","","R8","1k8","Device:R","A3IDES_footprints:R_0402_1005Metric","~","","","","","","","","","","","","63mW/1%",""
"","","R9","1k8","Device:R","A3IDES_footprints:R_0402_1005Metric","~","","","","","","","","","","","","63mW/1%",""
"","","R10","1k8","Device:R","A3IDES_footprints:R_0402_1005Metric","~","","","","","","","","","","","","63mW/1%",""
"","","R11","2k37","Device:R","A3IDES_footprints:R_0402_1005Metric","~","","","","","","","","","","","","63mW/1%",""
"","","R12","2k37","Device:R","A3IDES_footprints:R_0402_1005Metric","~","","","","","","","","","","","","63mW/1%",""
"","","R13","4k7","Device:R","A3IDES_footprints:R_0402_1005Metric","~","","","","","","","","","","","","63mW/1%",""
"","","R14","2k37","Device:R","A3IDES_footprints:R_0402_1005Metric","~","","","","","","","","","","","","63mW/1%",""
"","","R15","2k37","Device:R","A3IDES_footprints:R_0402_1005Metric","~","","","","","","","","","","","","63mW/1%",""
"","","R16","4k7","Device:R","A3IDES_footprints:R_0402_1005Metric","~","","","","","","","","","","","","63mW/1%",""
"","","R17","620R","Device:R","A3IDES_footprints:R_0603_1608Metric","~","","","","","","","","","","","","0,1W/1%",""
"","","R18","100R","Device:R","A3IDES_footprints:R_0402_1005Metric","~","","","","","","","","","","","","63mW/1%",""
"","","R19","1k","Device:R","A3IDES_footprints:R_0603_1608Metric","~","","","","","","","","","","","","0,1W/1%",""
"","","R20","2k","Device:R","A3IDES_footprints:R_0603_1608Metric","~","","","","","","","","","","","","0,1W/1%",""
"","","R21","1k","Device:R","A3IDES_footprints:R_0402_1005Metric","~","","","","","","","","","","","","63mW/1%",""
"","","R22","100R","Device:R","A3IDES_footprints:R_0402_1005Metric","~","","","","","","","","","","","","63mW/1%",""
"","","R23","100R","Device:R","A3IDES_footprints:R_0402_1005Metric","~","","","","","","","","","","","","63mW/1%",""
"","","R24","33R","Device:R","A3IDES_footprints:R_0402_1005Metric","~","","","","","","","","","","","","63mW/1%",""
"","","R25","33R","Device:R","A3IDES_footprints:R_0402_1005Metric","~","","","","","","","","","","","","63mW/1%",""
"","","R26","10k","Device:R","A3IDES_footprints:R_0402_1005Metric","~","","","","","","","","","","","","63mW/1%",""
"","","R27","33R","Device:R","A3IDES_footprints:R_0402_1005Metric","~","","","","","","","","","","","","63mW/1%",""
"","","R28","1k5","Device:R","A3IDES_footprints:R_0402_1005Metric","~","","","","","","","","","","","","63mW/1%",""
"","","R29","1k5","Device:R","A3IDES_footprints:R_0402_1005Metric","~","","","","","","","","","","","","63mW/1%",""
"","","R30","1k5","Device:R","A3IDES_footprints:R_0402_1005Metric","~","","","","","","","","","","","","63mW/1%",""
"","","R31","100K 1%","Device:R","Resistor_SMD:R_0402_1005Metric","~","","","","","","","","","","","","",""
"","","R32","33R","Device:R","A3IDES_footprints:R_0402_1005Metric","~","","","","","","","","","","","","63mW/1%",""
"","","R33","10k","Device:R","A3IDES_footprints:R_0402_1005Metric","~","","","","","","","","","","","","63mW/1%",""
"","","R34","10k","Device:R","A3IDES_footprints:R_0402_1005Metric","~","","","","","","","","","","","","63mW/1%",""
"","","R35","10k","Device:R","A3IDES_footprints:R_0402_1005Metric","~","","","","","","","","","","","","63mW/1%",""
"","","R36","12k1","Device:R","A3IDES_footprints:R_0402_1005Metric","~","","","","","","","","","","","","63mW/1%",""
"","","R37","49.9R","Device:R","A3IDES_footprints:R_0402_1005Metric","~","","","","","","","","","","","","63mW/1%",""
"","","R38","49.9R","Device:R","A3IDES_footprints:R_0402_1005Metric","~","","","","","","","","","","","","63mW/1%",""
"","","R39","49.9R","Device:R","A3IDES_footprints:R_0402_1005Metric","~","","","","","","","","","","","","63mW/1%",""
"","","R40","49.9R","Device:R","A3IDES_footprints:R_0402_1005Metric","~","","","","","","","","","","","","63mW/1%",""
"","","R41","100R","Device:R","A3IDES_footprints:R_0402_1005Metric","~","","","","","","","","","","","","63mW/1%",""
"","","R42","100R","Device:R","A3IDES_footprints:R_0402_1005Metric","~","","","","","","","","","","","","63mW/1%",""
"","","R43","100k","Device:R","A3IDES_footprints:R_0402_1005Metric","~","","","","","","","","","","","","63mW/1%",""
"","","R44","100R","Device:R","A3IDES_footprints:R_0402_1005Metric","~","","","","","","","","","","","","63mW/1%",""
"","","R45","10k","Device:R","A3IDES_footprints:R_0603_1608Metric","~","","","","","","","","","","","","0,1W/1%",""
"","","R46","100k","Device:R","A3IDES_footprints:R_0402_1005Metric","~","","","","","","","","","","","","63mW/1%",""
"","","R47","100R","Device:R","A3IDES_footprints:R_0402_1005Metric","~","","","","","","","","","","","","63mW/1%",""
"","","R48","10k","Device:R","A3IDES_footprints:R_0603_1608Metric","~","","","","","","","","","","","","0,1W/1%",""
"","","R54","10k","Device:R","A3IDES_footprints:R_0402_1005Metric","~","","","","","","","","","","","","63mW/1%",""
"","","R55","1k8","Device:R","A3IDES_footprints:R_0402_1005Metric","~","","","","","","","","","","","","63mW/1%",""
"","","R56","1k8","Device:R","A3IDES_footprints:R_0402_1005Metric","~","","","","","","","","","","","","63mW/1%",""
"","","R57","100R","Device:R","A3IDES_footprints:R_0402_1005Metric","~","","","","","","","","","","","","63mW/1%",""
"","","R58","4k7","Device:R","A3IDES_footprints:R_0402_1005Metric","~","","","","","","","","","","","","63mW/1%",""
"","","R59","1k8","Device:R","A3IDES_footprints:R_0402_1005Metric","~","","","","","","","","","","","","63mW/1%",""
"","","R60","1k8","Device:R","A3IDES_footprints:R_0402_1005Metric","~","","","","","","","","","","","","63mW/1%",""
"","","R61","1k8","Device:R","A3IDES_footprints:R_0402_1005Metric","~","","","","","","","","","","","","63mW/1%",""
"","","R62","1k8","Device:R","A3IDES_footprints:R_0402_1005Metric","~","","","","","","","","","","","","63mW/1%",""
"","","R63","100R","Device:R","A3IDES_footprints:R_0402_1005Metric","~","","","","","","","","","","","","63mW/1%",""
"","","R64","1k","Device:R","A3IDES_footprints:R_0402_1005Metric","~","","","","","","","","","","","","63mW/1%",""
"","","R65","R22","Device:R","A3IDES_footprints:R_1206","~","","","","","","","","","","","","0,5W/1%",""
"","","R66","R22","Device:R","A3IDES_footprints:R_1206","~","","","","","","","","","","","","0,5W/1%",""
"","","R67","R22","Device:R","A3IDES_footprints:R_1206","~","","","","","","","","","","","","0,5W/1%",""
"","","R68","R22","Device:R","A3IDES_footprints:R_1206","~","","","","","","","","","","","","0,5W/1%",""
"","","R69","100R","Device:R","A3IDES_footprints:R_0402_1005Metric","~","","","","","","","","","","","","63mW/1%",""
"","","R70","100R","Device:R","A3IDES_footprints:R_0402_1005Metric","~","","","","","","","","","","","","63mW/1%",""
"","","R71","100R*","Device:R","A3IDES_footprints:R_0402_1005Metric","~","","","","","","","","","","","","63mW/1%",""
"","","R72","10k*","Device:R","A3IDES_footprints:R_0402_1005Metric","~","","","","","","","","","","","","63mW/1%",""
"","","R73","R22","Device:R","A3IDES_footprints:R_1206","~","","","","","","","","","","","","0,5W/1%",""
"","","R74","R22","Device:R","A3IDES_footprints:R_1206","~","","","","","","","","","","","","0,5W/1%",""
"","","R75","R22","Device:R","A3IDES_footprints:R_1206","~","","","","","","","","","","","","0,5W/1%",""
"","","R76","R22","Device:R","A3IDES_footprints:R_1206","~","","","","","","","","","","","","0,5W/1%",""
"","","R77","4k7","Device:R","A3IDES_footprints:R_0402_1005Metric","~","","","","","","","","","","","","63mW/1%",""
"","","R78","10k","Device:R","A3IDES_footprints:R_0402_1005Metric","~","","","","","","","","","","","","63mW/1%",""
"","","R79","1k","Device:R","A3IDES_footprints:R_0402_1005Metric","~","","","","","","","","","","","","63mW/1%",""
"","","R80","4k7","Device:R","A3IDES_footprints:R_0402_1005Metric","~","","","","","","","","","","","","63mW/1%",""
"","","R81","10k","Device:R","A3IDES_footprints:R_0402_1005Metric","~","","","","","","","","","","","","63mW/1%",""
"","","R82","1k","Device:R","A3IDES_footprints:R_0402_1005Metric","~","","","","","","","","","","","","63mW/1%",""
"","","R83","1k*","Device:R","A3IDES_footprints:R_0402_1005Metric","~","","","","","","","","","","","","63mW/1%",""
"","","R84","10k","Device:R","A3IDES_footprints:R_0402_1005Metric","~","","","","","","","","","","","","63mW/1%",""
"","","R85","4k7","Device:R","A3IDES_footprints:R_0402_1005Metric","~","","","","","","","","","","","","63mW/1%",""
"","","R86","0R","Device:R","A3IDES_footprints:R_0402_1005Metric","~","","","","","","","","","","","","63mW/1%",""
"","","R87","47k","Device:R","A3IDES_footprints:R_0402_1005Metric","~","","","","","","","","","","","","63mW/1%",""
"","","R88","620R","Device:R","A3IDES_footprints:R_0603_1608Metric","~","","","","","","","","","","","","0,1W/1%",""
"","","R89","100R","Device:R","A3IDES_footprints:R_0402_1005Metric","~","","","","","","","","","","","","63mW/1%",""
"","","R90","100R","Device:R","A3IDES_footprints:R_0402_1005Metric","~","","","","","","","","","","","","63mW/1%",""
"","","R91","510R","Device:R","A3IDES_footprints:R_0402_1005Metric","~","","","","","","","","","","","","63mW/1%",""
"","","R92","0R","Device:R","A3IDES_footprints:R_0402_1005Metric","~","","","","","","","","","","","","63mW/1%",""
"","","R93","330R","Device:R","A3IDES_footprints:R_0402_1005Metric","~","","","","","","","","","","","","63mW/1%",""
"","","R94","620R","Device:R","A3IDES_footprints:R_0603_1608Metric","~","","","","","","","","","","","","0,1W/1%",""
"","","R95","620R","Device:R","A3IDES_footprints:R_0603_1608Metric","~","","","","","","","","","","","","0,1W/1%",""
"","","R96","10k","Device:R","A3IDES_footprints:R_0402_1005Metric","~","","","","","","","","","","","","63mW/1%",""
"","","R97","10k*","Device:R","A3IDES_footprints:R_0402_1005Metric","~","","","","","","","","","","","","63mW/1%",""
"","","R98","33R","Device:R","A3IDES_footprints:R_0402_1005Metric","~","","","","","","","","","","","","63mW/1%",""
"","","R99","33R","Device:R","A3IDES_footprints:R_0402_1005Metric","~","","","","","","","","","","","","63mW/1%",""
"","","R100","17.4K","Device:R","Resistor_SMD:R_0402_1005Metric","~","","","","","","","","","","","","",""
"","","R101","200K","Device:R","Resistor_SMD:R_0402_1005Metric","~","","","","","","","","","","","","",""
"","","R102","100K","Device:R","Resistor_SMD:R_0402_1005Metric","~","","","","","","","","","","","","",""
"","","R103","40.2K","Device:R","Resistor_SMD:R_0402_1005Metric","~","","","","","","","","","","","","",""
"","","R104","210K","Device:R","Resistor_SMD:R_0402_1005Metric","~","","","","","","","","","","","","",""
"","","SW1","TACTA-64N-F","Switch:SW_Push","A3IDES_footprints:TACT-90","~","","","","","","","","","","","","0,05A/12VDC/1,6N",""
"","","TH1","NTCG104LH104JTDS","Device:Thermistor","Resistor_SMD:R_0402_1005Metric","~","","","","","","","","","","","","100k/5%",""
"","","U1","LAN8742A-CZ-TR","BUDDY_v1.0.0-rescue:LAN8742A-CZ-TR-Interface_Ethernet","Package_DFN_QFN:VQFN-24-1EP_4x4mm_P0.5mm_EP2.45x2.45mm_ThermalVias","","","","","","","","","","","","","",""
"","","U2","W25Q64JVSSIQ","BUDDY_v1.0.0-rescue:W25Q32JVSSIQ-A3IDES-rescue","A3IDES_footprints:SOIC8-wide","Unavailable","UFDFN-8 Winbond","None","W25X20CLUXIG TR","Ic Flash 2mbit 104mhz","Winbond","UFDFN-8 Winbond","None","W25X20CLUXIG TR","","Winbond","","Ic Flash 2mbit 104mhz",""
"","","U4","NCP1117-3.3_SOT223","Regulator_Linear:NCP1117-3.3_SOT223","A3IDES_footprints:SOT-223-3_TabPin2","http://www.onsemi.com/pub_link/Collateral/NCP1117-D.PDF","","","","","","","","","","","","",""
"","","U5","AHCT125","74xx:74LS126","A3IDES_footprints:Texas_S-PVQFN-N14_ThermalVias","http://www.ti.com/lit/gpn/sn74LS126","","","","","","","","","","","","",""
"","","U6","TMC2209-LA","BUDDY_v1.0.0-rescue:TMC2209-LA-T-2209-A3IDES-rescue","Package_DFN_QFN:QFN-28_EP_5x5_Pitch0.5mm","","","","","","","","","","","","","4,75-29V/1.2A",""
"","","U7","TMC2209-LA","BUDDY_v1.0.0-rescue:TMC2209-LA-T-2209-A3IDES-rescue","Package_DFN_QFN:QFN-28_EP_5x5_Pitch0.5mm","","","","","","","","","","","","","4,75-29V/1.2A",""
"","","U8","TMC2209-LA","BUDDY_v1.0.0-rescue:TMC2209-LA-T-2209-A3IDES-rescue","Package_DFN_QFN:QFN-28_EP_5x5_Pitch0.5mm","","","","","","","","","","","","","4,75-29V/1.2A",""
"","","U9","TMC2209-LA","BUDDY_v1.0.0-rescue:TMC2209-LA-T-2209-A3IDES-rescue","Package_DFN_QFN:QFN-28_EP_5x5_Pitch0.5mm","","","","","","","","","","","","","4,75-29V/1.2A",""
"","","U10","MCU-STM32F407VGT6(LQFP100)","BUDDY_v1.0.0-rescue:MCU-STM32F407VGT6(LQFP100)-MCU_ST_STM32F4","A3IDES_footprints:LQFP-100_14x14mm_P0.5mm","LQFP-100 STMicroelectronics","None","STM32F407VET6","Unavailable","STMicroelectronics","STM32 Series 32-bit 512 kB Flash 192 kB RAM ARM Based Microcontroller - LQFP-100","None","STM32F407VGT6","Unavailable","STMicroelectronics","STM32 Series 32-bit 1024 kB Flash 192 kB RAM ARM Based Microcontroller - LQFP-100","","",""
"","","U11","ST25DV64K","BUDDY_v1.0.0-rescue:24LC00-Memory_EEPROM","A3IDES_footprints:TSSOP-8_4.4x3mm_P0.65mm","","","","","","","","","","","","","",""
"","","U12","STMPS2141STR","BUDDY_v1.0.0-rescue:STMPS2141STR-Power_Management","A3IDES_footprints:SOT-23-5","","","","","","","","","","","","","",""
"","","U13","DT1140-04LP","BUDDY_v1.0.0-rescue:DT1140-04LP-Power_Protection","A3IDES_footprints:DT1140-04LP","","","","","","","","","","","","","",""
"","","U14","MP2560DQ","Tounh_sym:MP2560DQ","Tounh:DFN300X300X80-11N","","","","","","","","","","","","","",""
"","","U99","HB9500SS-9.5-2P","Power_Connector:HB9500SS-9.5-2P","kicad_lceda:CONN-TH_HB9500SS-9.5-2P","http://www.szlcsc.com/product/details_745054.html","","","","","","","","","","","C707845","","std:b2f1487d74b1437e9059e869796feba8"
"","","X1","ASE-xxxMHz*","Oscillator:ASE-xxxMHz","Oscillator:Oscillator_SMD_EuroQuartz_XO53-4Pin_5.0x3.2mm","http://www.abracon.com/Oscillators/ASV.pdf","","","","","","","","","","","","",""
"","","Y2","Crystal","Device:Crystal_GND24","A3IDES_footprints:Crystal-3.2x2.5mm","~","","","","","","","","","","","","12Mhz/30ppm/20pf",""
"","","Y4","ECS-250-20-30B-AGL-TR","Device:Crystal_GND24","Crystal:Crystal_SMD_Abracon_ABM3C-4Pin_5.0x3.2mm","~","","","","","","","","","","","","25Mhz/30ppm/20pf",""



"Collated Components:"

"Item","Qty","Reference(s)","Value","LibPart","Footprint","Datasheet","Field4","Field5","Field6","Field7","Field8","Pole4","Pole5","Pole6","Pole7","Pole8","SuppliersPartNumber","req","uuid"
"1","35","C1, C2, C3, C4, C9, C10, C11, C12, C13, C16, C27, C30, C32, C38, C40, C41, C51, C52, C62, C63, C79, C87, C102, C103, C108, C109, C110, C111, C112, C113, C114, C115, C119, C120, C125","100n","Device:C_Small","A3IDES_footprints:C_0402_1005Metric","~","","","","","","","","","","","","16V/X7R/10%",""
"2","1","C5","10u*","Device:C_Small","A3IDES_footprints:C_0805_2012Metric","~","","","","","","","","","","","","16V/X5R/10%",""
"3","1","C6","10uf","Device:C","Capacitor_SMD:C_0805_2012Metric","~","","","","","","","","","","","","50V/X7R/10%",""
"4","28","C8, C14, C22, C23, C25, C26, C28, C39, C42, C44, C46, C47, C50, C53, C54, C55, C58, C59, C72, C74, C76, C77, C80, C83, C84, C85, C88, C89","100n","Device:C_Small","A3IDES_footprints:C_0603_1608Metric","~","","","","","","","","","","","","50V/X7R/10%",""
"5","4","C15, C24, C34, C36","4.7uF","Device:C_Small","A3IDES_footprints:C_0603_1608Metric","~","","","","","","","","","","","","6.3V/X7R/10%",""
"6","2","C17, C56","30p","Device:C_Small","A3IDES_footprints:C_0402_1005Metric","~","","","","","","","","","","","","16V/X7R/10%",""
"7","1","C21","4u7","Device:C_Small","A3IDES_footprints:C_0805_2012Metric","~","","","","","","","","","","","","16V/X5R/10%",""
"8","4","C33, C35, C37, C48","10u","Device:C_Small","A3IDES_footprints:C_0805_2012Metric","~","","","","","","","","","","","","16V/X5R/10%",""
"9","4","C43, C45, C73, C75","22n","Device:C_Small","A3IDES_footprints:C_0402_1005Metric","~","","","","","","","","","","","","50V/X7R/10%",""
"10","1","C49","10p*","Device:C_Small","A3IDES_footprints:C_0402_1005Metric","~","","","","","","","","","","","","16V/X7R/10%",""
"11","1","C57","470p","Device:C_Small","A3IDES_footprints:C_0402_1005Metric","~","","","","","","","","","","","","16V/X7R/10%",""
"12","4","C60, C61, C90, C91","100u","BUDDY_v1.0.0-rescue:CP_Small-Device","A3IDES_footprints:c_elec_6.3x7.7","","","","","","","","","","","","","35V/20%",""
"13","16","C64, C65, C66, C67, C68, C69, C70, C71, C94, C95, C96, C97, C98, C99, C100, C101","1n","Device:C_Small","A3IDES_footprints:C_0603_1608Metric","~","","","","","","","","","","","","50V/X7R/10%",""
"14","2","C78, C117","1u","Device:C_Small","A3IDES_footprints:C_0603_1608Metric","~","","","","","","","","","","","","50V/X7R/10%",""
"15","2","C81, C82","10n","Device:C_Small","A3IDES_footprints:C_0402_1005Metric","~","","","","","","","","","","","","16V/X7R/10%",""
"16","1","C86","100u","Device:C_Small","A3IDES_footprints:C_1206_3216Metric","~","","","","","","","","","","","","16V/X5R/10%",""
"17","4","C92, C93, C121, C122","10u","Device:C_Small","A3IDES_footprints:C_1206_3216Metric","~","","","","","","","","","","","","50V/X5R/10%",""
"18","6","C104, C105, C123, C126, C127, C128","10p","Device:C_Small","A3IDES_footprints:C_0402_1005Metric","~","","","","","","","","","","","","50V/C0G/10%",""
"19","2","C106, C107","2,2u","Device:C_Small","A3IDES_footprints:C_0603_1608Metric","~","","","","","","","","","","","","6,3V/X5R/10%",""
"20","2","C116, C118","10u","Device:C_Small","A3IDES_footprints:C_0603_1608Metric","~","","","","","","","","","","","","6,3V/X5R/10%",""
"21","1","C124","330u","BUDDY_v1.0.0-rescue:CP_Small-Device","Capacitor_SMD:CP_Elec_8x10.5","","","","","","","","","","","","","35V/20%",""
"22","1","C129","10n*","Device:C_Small","A3IDES_footprints:C_0402_1005Metric","~","","","","","","","","","","","","16V/X7R/10%",""
"23","1","C130","150pF","Device:C","Capacitor_SMD:C_0402_1005Metric","~","","","","","","","","","","","","",""
"24","1","C131","100nf","Device:C","Capacitor_SMD:C_0603_1608Metric","~","","","","","","","","","","","","",""
"25","2","C132, C133","22uf","Device:C","Capacitor_SMD:C_0805_2012Metric","~","","","","","","","","","","","","",""
"26","18","D1, D2, D7, D8, D20, D21, D25, D26, D27, D28, D29, D30, D31, D32, D33, D34, D35, D36","BAV99W","Diode:BAS40-04","Package_TO_SOT_SMD:SOT-323_SC-70","http://www.vishay.com/docs/85701/bas40v.pdf","","","","","","","","","","","","100V/150mA/4ns",""
"27","6","D3, D4, D9, D13, D15, D17","GRN","BUDDY_v1.0.0-rescue:LED_ALT-Device","A3IDES_footprints:LED_0603","","","","","","","","","","","","","2,8V/5mA",""
"28","3","D5, D6, D24","BAT54KFILM","BUDDY_v1.0.0-rescue:D_ALT-Device","Diode_SMD:D_SOD-523","","","","","","","","","","","","","40V/0,3A",""
"29","2","D10, D22","USBLC6-2P6","BUDDY_v1.0.0-rescue:PRTR5V0U2X-Power_Protection","A3IDES_footprints:SOT143B","","","","","","","","","","","","","",""
"30","1","D11","ESDA6V1L","BUDDY_v1.0.0-rescue:SP0502BAHT-Power_Protection","A3IDES_footprints:SOT-23","","","","","","","","","","","","","",""
"31","2","D12, D14","SK310A-TP","BUDDY_v1.0.0-rescue:D_Schottky_ALT-Device","A3IDES_footprints:DO-214AC","","","","","","","","","","","","","100V/3A",""
"32","1","D16","D","Device:D","Diode_SMD:D_SMA","~","","","","","","","","","","","","",""
"33","1","D18","SMAJ28A","Diode:1.5KExxA","A3IDES_footprints:D_SMA","https://www.vishay.com/docs/88301/15ke.pdf","","","","","","","","","","","","",""
"34","2","F1, F3","KEYSTONE 3568","Device:Fuse","A3IDES_footprints:Fuse-Keystone-3557-2","~","","","","","","","","","","","","7,5A",""
"35","1","F1-fuse1","fuse 7,5A","BUDDY_v1.0.0-rescue:MEC-A3IDES-rescue","A3IDES_footprints:MEC","","","","","","","","","","","","","",""
"36","1","F3-fuse3","fuse 3A","BUDDY_v1.0.0-rescue:MEC-A3IDES-rescue","A3IDES_footprints:MEC","","","","","","","","","","","","","",""
"37","1","J1","Conn_01x03","Connector_Generic:Conn_01x03","Connector_PinHeader_2.54mm:PinHeader_1x03_P2.54mm_Vertical","~","","","","","","","","","","","","",""
"38","1","J1-jumper1","2,54 jumper","BUDDY_v1.0.0-rescue:MEC-A3IDES-rescue","A3IDES_footprints:MEC","","","","","","","","","","","","","",""
"39","1","J2","105017-0001","BUDDY_v1.0.0-rescue:USB-micro-Connector","A3IDES_footprints:USB-micro","","","","","","","","","","","","","",""
"40","1","J3","HR911105A","BUDDY_v1.0.0-rescue:HR911105-Connector","A3IDES_footprints:HR911105A","","","","","","","","","","","","","",""
"41","2","J4, J5","faston","Connector_Generic:Conn_01x01","A3IDES_footprints:faston-hole-m","~","","","","","","","","","","","","4,8mm_0,8mm_12,5mm",""
"42","4","J7, P8, P9, P10","70543-0003","Connector_Generic:Conn_01x04","A3IDES_footprints:Pin_1x04-XL","~","","","","","","","","","","","","1x4/2,54mm/shrouded/male",""
"43","1","J8","302-S141","Connector_Generic:Conn_02x07_Odd_Even","Connector_IDC:IDC-Header_2x07_P2.54mm_Vertical","~","","","","","","","","","","","","2x7/2,54mm/shrouded/male",""
"44","3","J9, P1, P2","70543-0002","Connector_Generic:Conn_01x03","A3IDES_footprints:Pin_1x03-XL","~","","","","","","","","","","","","1x3/2,54mm/shrouded/male",""
"45","1","J10","Conn_02x04_Odd_Even","Connector_Generic:Conn_02x04_Odd_Even","Connector_PinHeader_2.54mm:PinHeader_2x04_P2.54mm_Vertical","~","","","","","","","","","","","","2x4/2,54mm/female",""
"46","1","J11","UFL coaxial","Connector_Generic:Conn_01x02",".pretty:UFL-MOLEX-73412-0114","~","","","","","","","","","","","","",""
"47","4","J12, J13, J14, J15","Conn_01x01","BUDDY_v1.0.0-rescue:TestPoint_0-Connector","A3IDES_footprints:Fiducial_1mm_Dia_2.54mm_Outer_CopperTop","","","","","","","","","","","","","",""
"48","4","J16, J17, J18, J19","Conn_01x01","Connector_Generic:Conn_01x01","A3IDES_footprints:MountingHole_3.2mm_M3_ISO14580_Pad","~","","","","","","","","","","","","",""
"49","1","J20","67329-8000","BUDDY_v1.0.0-rescue:USB_A-Connector","A3IDES_footprints:USB-A-vertical-MX-67329-8000","","","","","","","","","","","","","",""
"50","1","J21","Conn_01x05","Connector_Generic:Conn_01x05","Connector_PinHeader_2.54mm:PinHeader_1x05_P2.54mm_Vertical","~","","","","","","","","","","","","",""
"51","1","J23","Conn_01x10","Connector_Generic:Conn_01x10","A3IDES_footprints:MOLEX_559321010","~","","","","","","","","","","","","1x10/2mm/shrouded/male",""
"52","1","JP1","Jumper","BUDDY_v1.0.0-rescue:Jumper-Device","Jumper:SolderJumper-2_P1.3mm_Open_TrianglePad1.0x1.5mm","","","","","","","","","","","","","",""
"53","36","L1, L2, L3, L4, L5, L6, L7, L8, L9, L10, L11, L14, L15, L16, L17, L23, L25, L27, L31, L32, L33, L34, L35, L36, L37, L38, L39, L40, L41, L42, L43, L44, L45, L46, L47, L48","BLM18KG121TN1D","BUDDY_v1.0.0-rescue:L_Core_Ferrite-Device","A3IDES_footprints:R_0603_1608Metric","","","","","","","","","","","","","120Ω@100MHz/3A",""
"54","1","L12","BLM41PG600SN1L","BUDDY_v1.0.0-rescue:L_Core_Ferrite-Device","A3IDES_footprints:R_1806_4516Metric","","","","","","","","","","","","","60Ω@100MHz/6A",""
"55","1","L13","VLS6045EX-150M-H","Tounh_sym:VLS6045EX-150M-H","Tounh:IND-SMD_L6.3-W6.0_VLS6045EX","","","","","","","","","","","","","",""
"56","2","NT3, NT4","Net-Tie_2","BUDDY_v1.0.0-rescue:Net-Tie_2-Device","NetTie:NetTie-2_SMD_Pad0.5mm","","","","","","","","","","","","","",""
"57","2","P3, P4","70543-0001","Connector_Generic:Conn_01x02","A3IDES_footprints:Pin_1x02-XL","~","","","","","","","","","","","","1x2/2,54mm/male",""
"58","2","P5, P6","TBG-5-PW-2P/GN","Connector_Generic:Conn_01x02","A3IDES_footprints:PhoenixContact_MSTBVA-G_02x5.08mm_Vertical","~","","","","","","","","","","","","1x2/5,08mm/shrouded/male",""
"59","2","P7, P99","70543-0003","Connector_Generic:Conn_01x04","Buddey:Pin_1x04-XL","~","","","","","","","","","","","","1x4/2,54mm/shrouded/male",""
"60","2","Q1, Q2","MMBF170","Transistor_FET:MMBF170","A3IDES_footprints:SOT-23","https://www.diodes.com/assets/Datasheets/ds30104.pdf","","","","","","","","","","","","60V/0,5A/0,3W/1,2Ω",""
"61","2","Q3, Q4","PSMN2R6-40YS","Transistor_FET:MMBF170","A3IDES_footprints:SOT-669_LFPAK_alternate-numbers_VIA","https://www.diodes.com/assets/Datasheets/ds30104.pdf","","","","","","","","","","","","40V/100A/272W/1,8mΩ",""
"62","15","R1, R2, R18, R22, R23, R41, R42, R44, R47, R57, R63, R69, R70, R89, R90","100R","Device:R","A3IDES_footprints:R_0402_1005Metric","~","","","","","","","","","","","","63mW/1%",""
"63","4","R3, R4, R43, R46","100k","Device:R","A3IDES_footprints:R_0402_1005Metric","~","","","","","","","","","","","","63mW/1%",""
"64","2","R5, R6","2k2","Device:R","A3IDES_footprints:R_0603_1608Metric","~","","","","","","","","","","","","0,1W/1%",""
"65","10","R7, R8, R9, R10, R55, R56, R59, R60, R61, R62","1k8","Device:R","A3IDES_footprints:R_0402_1005Metric","~","","","","","","","","","","","","63mW/1%",""
"66","4","R11, R12, R14, R15","2k37","Device:R","A3IDES_footprints:R_0402_1005Metric","~","","","","","","","","","","","","63mW/1%",""
"67","6","R13, R16, R58, R77, R80, R85","4k7","Device:R","A3IDES_footprints:R_0402_1005Metric","~","","","","","","","","","","","","63mW/1%",""
"68","4","R17, R88, R94, R95","620R","Device:R","A3IDES_footprints:R_0603_1608Metric","~","","","","","","","","","","","","0,1W/1%",""
"69","1","R19","1k","Device:R","A3IDES_footprints:R_0603_1608Metric","~","","","","","","","","","","","","0,1W/1%",""
"70","1","R20","2k","Device:R","A3IDES_footprints:R_0603_1608Metric","~","","","","","","","","","","","","0,1W/1%",""
"71","4","R21, R64, R79, R82","1k","Device:R","A3IDES_footprints:R_0402_1005Metric","~","","","","","","","","","","","","63mW/1%",""
"72","6","R24, R25, R27, R32, R98, R99","33R","Device:R","A3IDES_footprints:R_0402_1005Metric","~","","","","","","","","","","","","63mW/1%",""
"73","9","R26, R33, R34, R35, R54, R78, R81, R84, R96","10k","Device:R","A3IDES_footprints:R_0402_1005Metric","~","","","","","","","","","","","","63mW/1%",""
"74","3","R28, R29, R30","1k5","Device:R","A3IDES_footprints:R_0402_1005Metric","~","","","","","","","","","","","","63mW/1%",""
"75","1","R31","100K 1%","Device:R","Resistor_SMD:R_0402_1005Metric","~","","","","","","","","","","","","",""
"76","1","R36","12k1","Device:R","A3IDES_footprints:R_0402_1005Metric","~","","","","","","","","","","","","63mW/1%",""
"77","4","R37, R38, R39, R40","49.9R","Device:R","A3IDES_footprints:R_0402_1005Metric","~","","","","","","","","","","","","63mW/1%",""
"78","2","R45, R48","10k","Device:R","A3IDES_footprints:R_0603_1608Metric","~","","","","","","","","","","","","0,1W/1%",""
"79","8","R65, R66, R67, R68, R73, R74, R75, R76","R22","Device:R","A3IDES_footprints:R_1206","~","","","","","","","","","","","","0,5W/1%",""
"80","1","R71","100R*","Device:R","A3IDES_footprints:R_0402_1005Metric","~","","","","","","","","","","","","63mW/1%",""
"81","2","R72, R97","10k*","Device:R","A3IDES_footprints:R_0402_1005Metric","~","","","","","","","","","","","","63mW/1%",""
"82","1","R83","1k*","Device:R","A3IDES_footprints:R_0402_1005Metric","~","","","","","","","","","","","","63mW/1%",""
"83","2","R86, R92","0R","Device:R","A3IDES_footprints:R_0402_1005Metric","~","","","","","","","","","","","","63mW/1%",""
"84","1","R87","47k","Device:R","A3IDES_footprints:R_0402_1005Metric","~","","","","","","","","","","","","63mW/1%",""
"85","1","R91","510R","Device:R","A3IDES_footprints:R_0402_1005Metric","~","","","","","","","","","","","","63mW/1%",""
"86","1","R93","330R","Device:R","A3IDES_footprints:R_0402_1005Metric","~","","","","","","","","","","","","63mW/1%",""
"87","1","R100","17.4K","Device:R","Resistor_SMD:R_0402_1005Metric","~","","","","","","","","","","","","",""
"88","1","R101","200K","Device:R","Resistor_SMD:R_0402_1005Metric","~","","","","","","","","","","","","",""
"89","1","R102","100K","Device:R","Resistor_SMD:R_0402_1005Metric","~","","","","","","","","","","","","",""
"90","1","R103","40.2K","Device:R","Resistor_SMD:R_0402_1005Metric","~","","","","","","","","","","","","",""
"91","1","R104","210K","Device:R","Resistor_SMD:R_0402_1005Metric","~","","","","","","","","","","","","",""
"92","1","SW1","TACTA-64N-F","Switch:SW_Push","A3IDES_footprints:TACT-90","~","","","","","","","","","","","","0,05A/12VDC/1,6N",""
"93","1","TH1","NTCG104LH104JTDS","Device:Thermistor","Resistor_SMD:R_0402_1005Metric","~","","","","","","","","","","","","100k/5%",""
"94","1","U1","LAN8742A-CZ-TR","BUDDY_v1.0.0-rescue:LAN8742A-CZ-TR-Interface_Ethernet","Package_DFN_QFN:VQFN-24-1EP_4x4mm_P0.5mm_EP2.45x2.45mm_ThermalVias","","","","","","","","","","","","","",""
"95","1","U2","W25Q64JVSSIQ","BUDDY_v1.0.0-rescue:W25Q32JVSSIQ-A3IDES-rescue","A3IDES_footprints:SOIC8-wide","Unavailable","UFDFN-8 Winbond","None","W25X20CLUXIG TR","Ic Flash 2mbit 104mhz","Winbond","UFDFN-8 Winbond","None","W25X20CLUXIG TR","","Winbond","","Ic Flash 2mbit 104mhz",""
"96","1","U4","NCP1117-3.3_SOT223","Regulator_Linear:NCP1117-3.3_SOT223","A3IDES_footprints:SOT-223-3_TabPin2","http://www.onsemi.com/pub_link/Collateral/NCP1117-D.PDF","","","","","","","","","","","","",""
"97","1","U5","AHCT125","74xx:74LS126","A3IDES_footprints:Texas_S-PVQFN-N14_ThermalVias","http://www.ti.com/lit/gpn/sn74LS126","","","","","","","","","","","","",""
"98","4","U6, U7, U8, U9","TMC2209-LA","BUDDY_v1.0.0-rescue:TMC2209-LA-T-2209-A3IDES-rescue","Package_DFN_QFN:QFN-28_EP_5x5_Pitch0.5mm","","","","","","","","","","","","","4,75-29V/1.2A",""
"99","1","U10","MCU-STM32F407VGT6(LQFP100)","BUDDY_v1.0.0-rescue:MCU-STM32F407VGT6(LQFP100)-MCU_ST_STM32F4","A3IDES_footprints:LQFP-100_14x14mm_P0.5mm","LQFP-100 STMicroelectronics","None","STM32F407VET6","Unavailable","STMicroelectronics","STM32 Series 32-bit 512 kB Flash 192 kB RAM ARM Based Microcontroller - LQFP-100","None","STM32F407VGT6","Unavailable","STMicroelectronics","STM32 Series 32-bit 1024 kB Flash 192 kB RAM ARM Based Microcontroller - LQFP-100","","",""
"100","1","U11","ST25DV64K","BUDDY_v1.0.0-rescue:24LC00-Memory_EEPROM","A3IDES_footprints:TSSOP-8_4.4x3mm_P0.65mm","","","","","","","","","","","","","",""
"101","1","U12","STMPS2141STR","BUDDY_v1.0.0-rescue:STMPS2141STR-Power_Management","A3IDES_footprints:SOT-23-5","","","","","","","","","","","","","",""
"102","1","U13","DT1140-04LP","BUDDY_v1.0.0-rescue:DT1140-04LP-Power_Protection","A3IDES_footprints:DT1140-04LP","","","","","","","","","","","","","",""
"103","1","U14","MP2560DQ","Tounh_sym:MP2560DQ","Tounh:DFN300X300X80-11N","","","","","","","","","","","","","",""
"104","1","U99","HB9500SS-9.5-2P","Power_Connector:HB9500SS-9.5-2P","kicad_lceda:CONN-TH_HB9500SS-9.5-2P","http://www.szlcsc.com/product/details_745054.html","","","","","","","","","","","C707845","","std:b2f1487d74b1437e9059e869796feba8"
"105","1","X1","ASE-xxxMHz*","Oscillator:ASE-xxxMHz","Oscillator:Oscillator_SMD_EuroQuartz_XO53-4Pin_5.0x3.2mm","http://www.abracon.com/Oscillators/ASV.pdf","","","","","","","","","","","","",""
"106","1","Y2","Crystal","Device:Crystal_GND24","A3IDES_footprints:Crystal-3.2x2.5mm","~","","","","","","","","","","","","12Mhz/30ppm/20pf",""
"107","1","Y4","ECS-250-20-30B-AGL-TR","Device:Crystal_GND24","Crystal:Crystal_SMD_Abracon_ABM3C-4Pin_5.0x3.2mm","~","","","","","","","","","","","","25Mhz/30ppm/20pf",""
